name,company,imei
Galaxy S24,Samsung,351234562914176
Galaxy S23 Ultra,Samsung,351234577763170
Galaxy A54,Samsung,351234580669075
Galaxy Z Flip5,Samsung,351234594391500
iPhone 15,Apple,354567010080638
iPhone 15 Pro,Apple,354567026083774
iPhone 14,Apple,354567038353371
iPhone 13 mini,Apple,354567044068120
Pixel 8,Google,357890014158680
Pixel 8 Pro,Google,357890023449781
Pixel 7a,Google,357890036907361
Redmi Note 13,Xiaomi,861234016258512
Xiaomi 14,Xiaomi,861234027812869
POCO F5,Xiaomi,861234035707044
Nord 3,OnePlus,862345019996228
OnePlus 12,OnePlus,862345028303887
Reno 11,OPPO,863456013685953
Find X7,OPPO,863456027489061
P60 Pro,Huawei,864567018288368
Nova 12,Huawei,864567020759836
Xperia 1 V,Sony,355678018675656
Moto G84,Motorola,356789010889952
Edge 40,Motorola,356789027903283
Nothing Phone (2),Nothing,358901019218400
Magic6 Pro,Honor,865678011107049
Honor 90,Honor,865678023419259
