brand,tac,specs,model
.FLAIRMICRO,99001362,.FLAIRMICRO,.FLAIRMICRO FLC-MCM63XC
@PHONE,35455107,@PHONE,@PHONE A1
10.OR,35872810,10.OR,10.OR G2
10.OR,91159920,10.OR,10.OR E
10.OR,91160225,10.OR,10.OR G
10.OR,91161200,10.OR,10.OR D
10.OR,91163440,10.OR,10.OR D2
100+,86131902,100+,100+ + 100B
100+,86451102,100+,100+ 100C
100+,86502001,100+,100+ 100AS
100+,86522802,100+,100+ + 100CW
100+,86637102,100+,100+ + 100D
100+,86641402,100+,100+ + 100E
100CAN,86756401,100CAN,100CAN CAN-A3
100CAN,86756501,100CAN,100CAN CAN-A7
100CAN,86763801,100CAN,100CAN CAN-A9
104,91111615,104,104 LIMA
111,86267205,111,111 JRH-CJ-W
139,86134901,139,139 WK J200
139,86322101,139,139 WK S918
139,86793200,139,139 WK E800
17VEE,86145201,17VEE,17VEE G6
17VEE,86145401,17VEE,17VEE F200
17VEE,86145701,17VEE,17VEE DSN100
17VEE,86162501,17VEE,17VEE V80
17VEE,86358801,17VEE,17VEE V60
17VEE,86364601,17VEE,17VEE V1000
17VEE,86716401,17VEE,17VEE V70
17VEE,86718101,17VEE,17VEE S100-G
1CALL,86020802,1CALL,1CALL A9300
1-CALL,86219402,1-CALL,1-CALL 1 CA N7100
1KY,35356805,1KY,1KY YW-YG-MG
1LEE,35601904,1LEE,1LEE P4-P5-P6-P100-P303-P707
21,35533806,21,21 451-501-S24-S26-G21
21,35812307,21,21 ELECTRONICS CLUB SERIES
21KE,86021303,21KE,21KE M3L
21KE,86021403,21KE,21KE MC004A
21KE,86025403,21KE,21KE MC002CT
21KE,86025503,21KE,21KE C1
21KE,86111505,21KE,21KE M1S PRO
21KE,86154005,21KE,21KE F1 PRO
21KE,86452203,21KE,21KE F6
26,86597403,26,26.0 S2018
2D,440207,2D,2D THIS IS A TEST IMEI TO BE
2GIG-CP1-345E-2GIG-CP1-345S,1326100,2GIG-CP1-345E-2GIG-CP1-34,2GIG-CP1-345E-2GIG-CP1-345S
